Experiment,Input features,Loss function,IoU,Precision,Recall,F1 score,Accuracy,Seed,Version
s7/version_1,BM,jaccard,0.7794,0.9098,0.8446,0.876,0.9632,7,1
s42/version_1,BM,jaccard,0.7794,0.9098,0.8446,0.876,0.9632,42,1
s42/version_13,BM,jaccard_2focal,0.7784,0.9099,0.8433,0.8754,0.9631,42,13
s42/version_10,BM,jaccard_focal,0.7751,0.9062,0.8427,0.8733,0.9624,42,10
s7/version_12,S,jaccard_2focal,0.7739,0.896,0.8503,0.8725,0.9618,7,12
s42/version_12,S,jaccard_2focal,0.7739,0.896,0.8503,0.8725,0.9618,42,12
s42/version_9,S,jaccard_focal,0.7694,0.8962,0.8446,0.8697,0.9611,42,9
s7/version_0,S,jaccard,0.7677,0.8835,0.8541,0.8686,0.9602,7,0
s1/version_0,S,jaccard,0.7677,0.8835,0.8541,0.8686,0.9602,1,0
s42/version_0,S,jaccard,0.7677,0.8835,0.8541,0.8686,0.9602,42,0
s42/version_11,SDT,jaccard_focal,0.7657,0.8801,0.8548,0.8673,0.9598,42,11
s42/version_14,SDT,jaccard_2focal,0.7657,0.8783,0.8566,0.8673,0.9597,42,14
s42/version_4,BM,bce,0.7644,0.9149,0.823,0.8665,0.961,42,4
s42/version_3,S,bce,0.7551,0.8921,0.831,0.8604,0.9585,42,3
s42/version_5,SDT,bce,0.7463,0.8776,0.833,0.8547,0.9565,42,5
s42/version_7,BM,focal,0.7416,0.8736,0.8308,0.8517,0.9555,42,7
s42/version_6,S,focal,0.7175,0.8756,0.7988,0.8355,0.9516,42,6
s42/version_8,SDT,focal,0.7115,0.8753,0.7918,0.8314,0.9506,42,8
s42/version_2,SDT,jaccard,0.3969,0.4074,0.939,0.5682,0.7806,42,2
s1/version_1,,jaccard,,,,,,1,1
