Experiment,Input features,Loss function,IoU,Precision,Recall,F1 score,Accuracy
s42/version_0,,jaccard,0.7677,0.8835,0.8541,0.8686,0.9602
s42/version_1,,jaccard,0.7794,0.9098,0.8446,0.876,0.9632
s42/version_2,,jaccard,0.3969,0.4074,0.939,0.5682,0.7806
s42/version_3,,bce,0.7551,0.8921,0.831,0.8604,0.9585
s42/version_4,,bce,0.7644,0.9149,0.823,0.8665,0.961
s42/version_5,,bce,0.7463,0.8776,0.833,0.8547,0.9565
s42/version_6,,focal,0.7175,0.8756,0.7988,0.8355,0.9516
s42/version_7,,focal,0.7416,0.8736,0.8308,0.8517,0.9555
s42/version_8,,focal,0.7115,0.8753,0.7918,0.8314,0.9506
