epoch,step,train_BinaryAccuracy,train_BinaryJaccardIndex,train_loss,val_BinaryAccuracy,val_BinaryJaccardIndex,val_loss
0,0,0.43853092193603516,0.21636971831321716,0.7947531938552856,,,
0,1,0.47586917877197266,0.19213910400867462,0.830986738204956,,,
0,2,0.5353288650512695,0.250774621963501,0.7823457717895508,,,
0,3,0.6395721435546875,0.3908531963825226,0.6872782707214355,,,
0,4,0.47992420196533203,0.19458892941474915,0.8131567239761353,,,
0,5,0.6083517074584961,0.280813068151474,0.7557424902915955,,,
0,6,0.7559280395507812,0.5639659762382507,0.5600384473800659,,,
0,7,0.7113037109375,0.3905031979084015,0.6866450309753418,,,
0,8,0.7449493408203125,0.4477654695510864,0.6448152661323547,,,
0,9,0.7699012756347656,0.4053799510002136,0.704564094543457,,,
0,10,0.6722373962402344,0.2634701132774353,0.7793408632278442,,,
0,11,0.776646614074707,0.4718138873577118,0.6375321745872498,,,
0,12,0.7333984375,0.36190494894981384,0.7194679975509644,,,
0,13,0.8012924194335938,0.4629509449005127,0.6693421602249146,,,
0,14,0.7872123718261719,0.38300642371177673,0.7302802801132202,,,
0,15,0.7193126678466797,0.2877456843852997,0.7729371786117554,,,
0,16,0.8720731735229492,0.6102478504180908,0.5959681868553162,,,
0,17,0.7871685028076172,0.4319119155406952,0.6925408244132996,,,
0,18,0.870793342590332,0.6128050684928894,0.5978822112083435,,,
0,19,0.9027433395385742,0.6357353329658508,0.6281973719596863,,,
0,20,0.8973531723022461,0.6189766526222229,0.6334844827651978,,,
0,21,0.8877983093261719,0.5494280457496643,0.6871000528335571,,,
0,22,0.9563083648681641,0.8401275873184204,0.5009191036224365,,,
0,23,0.8671321868896484,0.5258769989013672,0.675895094871521,,,
0,24,0.9216184616088867,0.7198834419250488,0.5578070878982544,,,
0,25,0.9332256317138672,0.7570970058441162,0.5381450653076172,,,
0,26,0.9260854721069336,0.7137047052383423,0.5749896764755249,,,
0,27,0.7766447067260742,0.232607901096344,0.8456170558929443,,,
0,28,0.8771114349365234,0.5869565010070801,0.6387544870376587,,,
0,29,0.9343528747558594,0.767504870891571,0.517459511756897,,,
0,30,0.9025281071662903,0.6048568487167358,0.6434090733528137,,,
0,30,,,,0.8666466474533081,0.6573923826217651,0.5476023554801941
1,31,0.9367427825927734,0.7282548546791077,0.5898716449737549,,,
1,32,0.9527530670166016,0.8456481695175171,0.4484294056892395,,,
1,33,0.9404153823852539,0.7652559876441956,0.5406204462051392,,,
1,34,0.944188117980957,0.8101166486740112,0.4706874489784241,,,
1,35,0.939509391784668,0.8018574118614197,0.48171496391296387,,,
1,36,0.9283714294433594,0.7123929858207703,0.5736146569252014,,,
1,37,0.901942253112793,0.590194582939148,0.6526092290878296,,,
1,38,0.9362735748291016,0.7661727070808411,0.5279501676559448,,,
1,39,0.9543828964233398,0.8402739763259888,0.4537273645401001,,,
1,40,0.8770484924316406,0.42543652653694153,0.7642314434051514,,,
1,41,0.8824577331542969,0.4149828553199768,0.7780880928039551,,,
1,42,0.9470596313476562,0.8174307942390442,0.46546274423599243,,,
1,43,0.9455928802490234,0.8177759051322937,0.46110814809799194,,,
1,44,0.94830322265625,0.7131214141845703,0.6652496457099915,,,
1,45,0.9504308700561523,0.6933184862136841,0.7106914520263672,,,
1,46,0.9497585296630859,0.8338358998298645,0.45903438329696655,,,
1,47,0.9279680252075195,0.6829066872596741,0.602505087852478,,,
1,48,0.9138727188110352,0.6515107154846191,0.6068117618560791,,,
1,49,0.9345922470092773,0.7473774552345276,0.5362143516540527,,,
1,50,0.9435482025146484,0.7758813500404358,0.5223762392997742,,,
1,51,0.9030771255493164,0.6117664575576782,0.6406937837600708,,,
1,52,0.9649019241333008,0.8843298554420471,0.39938676357269287,,,
1,53,0.9487838745117188,0.8122946619987488,0.4838322401046753,,,
1,54,0.9191789627075195,0.6574923992156982,0.6099283695220947,,,
1,55,0.8817939758300781,0.4591367840766907,0.7380012273788452,,,
1,56,0.92657470703125,0.64784175157547,0.6399692893028259,,,
1,57,0.927093505859375,0.6341903209686279,0.6570099592208862,,,
1,58,0.9415702819824219,0.7535756230354309,0.5501669049263,,,
1,59,0.9135770797729492,0.5438111424446106,0.7163149118423462,,,
1,60,0.9590845108032227,0.7922543883323669,0.5763314962387085,,,
1,61,0.9485600590705872,0.7005337476730347,0.6597171425819397,,,
1,61,,,,0.9238684177398682,0.7682914137840271,0.49695736169815063
2,62,0.9566488265991211,0.8368570804595947,0.4643455147743225,,,
2,63,0.9692697525024414,0.8923499584197998,0.40492844581604004,,,
2,64,0.9359445571899414,0.734539806842804,0.5542025566101074,,,
2,65,0.9643764495849609,0.8824062943458557,0.39313215017318726,,,
2,66,0.9325218200683594,0.7128397226333618,0.5692572593688965,,,
2,67,0.9483213424682617,0.7981930375099182,0.49122709035873413,,,
2,68,0.9478559494018555,0.8362851142883301,0.40804290771484375,,,
2,69,0.9332113265991211,0.6983234882354736,0.5890219211578369,,,
2,70,0.9343662261962891,0.6731866002082825,0.6257144212722778,,,
2,71,0.92108154296875,0.6400114893913269,0.6258513927459717,,,
2,72,0.9605569839477539,0.8130522966384888,0.5364961624145508,,,
2,73,0.9479198455810547,0.7472449541091919,0.5811834335327148,,,
2,74,0.9465646743774414,0.7094882726669312,0.6283249855041504,,,
2,75,0.9530868530273438,0.7603301405906677,0.5872567892074585,,,
2,76,0.945277214050293,0.7572787404060364,0.5494645237922668,,,
2,77,0.9768047332763672,0.9247502684593201,0.3509413003921509,,,
2,78,0.9622983932495117,0.818511962890625,0.535801112651825,,,
2,79,0.9588041305541992,0.8458037376403809,0.44339054822921753,,,
2,80,0.9394426345825195,0.6467096209526062,0.6811448335647583,,,
2,81,0.9623022079467773,0.8581796884536743,0.43547505140304565,,,
2,82,0.9080448150634766,0.3777941167354584,0.8272485733032227,,,
2,83,0.8931140899658203,0.4310414791107178,0.7664586305618286,,,
2,84,0.9603033065795898,0.8279169201850891,0.4933466911315918,,,
2,85,0.9627466201782227,0.834159791469574,0.49822044372558594,,,
2,86,0.9409942626953125,0.6479264497756958,0.6767389178276062,,,
2,87,0.9616775512695312,0.8122128844261169,0.5391466021537781,,,
2,88,0.9694547653198242,0.8888194561004639,0.4003366231918335,,,
2,89,0.9652872085571289,0.8330596685409546,0.5210793018341064,,,
2,90,0.960047721862793,0.802622377872467,0.544885516166687,,,
2,91,0.9609231948852539,0.8275833129882812,0.49582886695861816,,,
2,92,0.9402071833610535,0.6718631386756897,0.6411042213439941,,,
2,92,,,,0.933170735836029,0.7908968925476074,0.46866321563720703
3,93,0.9694700241088867,0.9039562940597534,0.34656524658203125,,,
3,94,0.919978141784668,0.5912102460861206,0.6670528650283813,,,
3,95,0.9571819305419922,0.8395302295684814,0.4395940899848938,,,
3,96,0.9658222198486328,0.8624355792999268,0.44412899017333984,,,
3,97,0.9675588607788086,0.8844476342201233,0.3907541036605835,,,
3,98,0.942387580871582,0.6749597787857056,0.6427097320556641,,,
3,99,0.9620437622070312,0.8366294503211975,0.47772830724716187,,,
3,100,0.9556303024291992,0.7519129514694214,0.6003190279006958,,,
3,101,0.9702863693237305,0.8679821491241455,0.4710453748703003,,,
3,102,0.9648799896240234,0.8698875308036804,0.4078672528266907,,,
3,103,0.9332256317138672,0.6134912371635437,0.6775642037391663,,,
3,104,0.9715433120727539,0.8988522291183472,0.3754112720489502,,,
3,105,0.9458580017089844,0.6936988234519958,0.6301172971725464,,,
3,106,0.9745092391967773,0.9012067914009094,0.40220797061920166,,,
3,107,0.9618234634399414,0.7803608179092407,0.5884793400764465,,,
3,108,0.9667587280273438,0.8540820479393005,0.46882200241088867,,,
3,109,0.9651269912719727,0.806207001209259,0.5652307868003845,,,
3,110,0.9604587554931641,0.7693647146224976,0.5988095998764038,,,
3,111,0.9314870834350586,0.5977773070335388,0.6848814487457275,,,
3,112,0.9496526718139648,0.7345858216285706,0.5859255790710449,,,
3,113,0.9617071151733398,0.8516477942466736,0.4271252751350403,,,
3,114,0.9603738784790039,0.8000115752220154,0.5355814695358276,,,
3,115,0.9611835479736328,0.7913755774497986,0.5589935779571533,,,
3,116,0.9465446472167969,0.6807045340538025,0.6450547575950623,,,
3,117,0.9695615768432617,0.8640099763870239,0.4606906771659851,,,
3,118,0.9754514694213867,0.8913721442222595,0.43833279609680176,,,
3,119,0.9780063629150391,0.9158456325531006,0.3785451650619507,,,
3,120,0.9583501815795898,0.8261916637420654,0.46193385124206543,,,
3,121,0.970210075378418,0.8964249491691589,0.3558781147003174,,,
3,122,0.9148454666137695,0.48053407669067383,0.7513427734375,,,
3,123,0.9407336115837097,0.7558651566505432,0.5007371306419373,,,
3,123,,,,0.9425875544548035,0.8145574331283569,0.4397498369216919
4,124,0.9488258361816406,0.7740698456764221,0.5075560808181763,,,
4,125,0.9689779281616211,0.8790392875671387,0.40014946460723877,,,
4,126,0.9519109725952148,0.7280762195587158,0.5993784666061401,,,
4,127,0.9608430862426758,0.8105251789093018,0.5077100992202759,,,
4,128,0.9758119583129883,0.9089404344558716,0.3676273226737976,,,
4,129,0.9679651260375977,0.8763813972473145,0.39900386333465576,,,
4,130,0.9546737670898438,0.671095609664917,0.6906105875968933,,,
4,131,0.9707155227661133,0.8581230044364929,0.47704559564590454,,,
4,132,0.9768533706665039,0.8945385813713074,0.43496429920196533,,,
4,133,0.9507942199707031,0.701085090637207,0.6284224987030029,,,
4,134,0.9687862396240234,0.8637447953224182,0.43869882822036743,,,
4,135,0.9792919158935547,0.919906735420227,0.36169254779815674,,,
4,136,0.9742441177368164,0.9246748685836792,0.2768598198890686,,,
4,137,0.9607982635498047,0.7812358736991882,0.5571988821029663,,,
4,138,0.970890998840332,0.9006900787353516,0.33587217330932617,,,
4,139,0.9506607055664062,0.7257101535797119,0.5874672532081604,,,
4,140,0.9620323181152344,0.842348039150238,0.43150055408477783,,,
4,141,0.9439001083374023,0.6250796914100647,0.6846697926521301,,,
4,142,0.9474210739135742,0.5377656817436218,0.7794276475906372,,,
4,143,0.9544601440429688,0.7615428566932678,0.5492337942123413,,,
4,144,0.9734249114990234,0.8517071604728699,0.5141795873641968,,,
4,145,0.9552249908447266,0.7595254778862,0.5567115545272827,,,
4,146,0.9684934616088867,0.8362331986427307,0.501514196395874,,,
4,147,0.9644508361816406,0.8545911312103271,0.41916048526763916,,,
4,148,0.9705276489257812,0.8849253058433533,0.3813270926475525,,,
4,149,0.9746980667114258,0.9039386510848999,0.3597946763038635,,,
4,150,0.9748220443725586,0.8817921876907349,0.4393233060836792,,,
4,151,0.9780664443969727,0.9121169447898865,0.3685010075569153,,,
4,152,0.9597330093383789,0.8145307302474976,0.47362983226776123,,,
4,153,0.9395236968994141,0.5902111530303955,0.7025563716888428,,,
4,154,0.9729054570198059,0.87728351354599,0.42479515075683594,,,
4,154,,,,0.9493488669395447,0.832217812538147,0.41286298632621765
5,155,0.9728765487670898,0.9012904167175293,0.340481698513031,,,
5,156,0.9713859558105469,0.869407594203949,0.432639479637146,,,
5,157,0.9718389511108398,0.8472579717636108,0.4991665482521057,,,
5,158,0.9714012145996094,0.8735744953155518,0.4221618175506592,,,
5,159,0.9713048934936523,0.8784705400466919,0.4019950032234192,,,
5,160,0.967132568359375,0.7585963010787964,0.631415605545044,,,
5,161,0.9428186416625977,0.6260228753089905,0.668930172920227,,,
5,162,0.9635543823242188,0.8382494449615479,0.4391670227050781,,,
5,163,0.971369743347168,0.8654894828796387,0.43755102157592773,,,
5,164,0.9711875915527344,0.8498760461807251,0.4806380271911621,,,
5,165,0.9690637588500977,0.879525363445282,0.37404781579971313,,,
5,166,0.9355583190917969,0.5797290802001953,0.6920596361160278,,,
5,167,0.9718799591064453,0.8763176202774048,0.4111056327819824,,,
5,168,0.9689579010009766,0.7104787826538086,0.7078061103820801,,,
5,169,0.9749221801757812,0.8755207061767578,0.44746583700180054,,,
5,170,0.9629831314086914,0.8422853350639343,0.42011409997940063,,,
5,171,0.9550657272338867,0.7786604166030884,0.5019017457962036,,,
5,172,0.9713754653930664,0.881010890007019,0.3852178454399109,,,
5,173,0.963679313659668,0.8546579480171204,0.39092952013015747,,,
5,174,0.9688386917114258,0.8573692440986633,0.4291837215423584,,,
5,175,0.9543943405151367,0.7581487894058228,0.5363902449607849,,,
5,176,0.9783182144165039,0.8872925639152527,0.44831591844558716,,,
5,177,0.9390230178833008,0.5521600842475891,0.7249513864517212,,,
5,178,0.9783201217651367,0.9209316968917847,0.31426018476486206,,,
5,179,0.9824962615966797,0.9143449068069458,0.4105607867240906,,,
5,180,0.9661474227905273,0.7998680472373962,0.5368667244911194,,,
5,181,0.9757461547851562,0.9272469282150269,0.2521105408668518,,,
5,182,0.9588909149169922,0.844589114189148,0.3799734115600586,,,
5,183,0.963038444519043,0.8060093522071838,0.4950847625732422,,,
5,184,0.9701995849609375,0.8870534896850586,0.3436126112937927,,,
5,185,0.9671071171760559,0.8620314598083496,0.39010995626449585,,,
5,185,,,,0.9509379267692566,0.836799144744873,0.3945747911930084
6,186,0.9752874374389648,0.8423629999160767,0.5383107662200928,,,
6,187,0.9732017517089844,0.9123767018318176,0.284470796585083,,,
6,188,0.9791049957275391,0.8814412951469421,0.4730607271194458,,,
6,189,0.9679088592529297,0.7849441766738892,0.5745232105255127,,,
6,190,0.9768867492675781,0.8744755983352661,0.4597737789154053,,,
6,191,0.9783344268798828,0.9041406512260437,0.37737905979156494,,,
6,192,0.9688987731933594,0.829879105091095,0.4902483820915222,,,
6,193,0.975407600402832,0.8704873919487,0.4519748091697693,,,
6,194,0.9500827789306641,0.7117191553115845,0.5723071098327637,,,
6,195,0.9813928604125977,0.9395298361778259,0.25412827730178833,,,
6,196,0.9713659286499023,0.8640707731246948,0.4203111529350281,,,
6,197,0.9762296676635742,0.9215565919876099,0.271320104598999,,,
6,198,0.9675254821777344,0.8107317686080933,0.5144098401069641,,,
6,199,0.9719696044921875,0.8916400074958801,0.3389524221420288,,,
6,200,0.9446535110473633,0.530893862247467,0.7521538138389587,,,
6,201,0.9673366546630859,0.842328667640686,0.43933171033859253,,,
6,202,0.976048469543457,0.8998360633850098,0.3530561327934265,,,
6,203,0.9593000411987305,0.8139681816101074,0.4402287006378174,,,
6,204,0.9718198776245117,0.8746117353439331,0.3875023126602173,,,
6,205,0.9756927490234375,0.8674240112304688,0.4548456072807312,,,
6,206,0.9550189971923828,0.6483272314071655,0.6753204464912415,,,
6,207,0.9745445251464844,0.8515147566795349,0.4849857687950134,,,
6,208,0.9697685241699219,0.8351191282272339,0.47408246994018555,,,
6,209,0.9709396362304688,0.8420673608779907,0.4677962064743042,,,
6,210,0.9778404235839844,0.8773515224456787,0.45033782720565796,,,
6,211,0.9704103469848633,0.8886756300926208,0.32727640867233276,,,
6,212,0.9677209854125977,0.8508417010307312,0.41197437047958374,,,
6,213,0.9765291213989258,0.9119740724563599,0.3063509464263916,,,
6,214,0.9657001495361328,0.848711371421814,0.3991413712501526,,,
6,215,0.9788837432861328,0.9171850085258484,0.3122662305831909,,,
6,216,0.9674403071403503,0.8309734463691711,0.45573174953460693,,,
6,216,,,,0.952768087387085,0.8417303562164307,0.3823946416378021
7,217,0.9738492965698242,0.8806776404380798,0.3835192918777466,,,
7,218,0.9729499816894531,0.9159585237503052,0.24829882383346558,,,
7,219,0.9633798599243164,0.797836184501648,0.495053768157959,,,
7,220,0.9766921997070312,0.9039345979690552,0.33409935235977173,,,
7,221,0.9760808944702148,0.9028862118721008,0.3320413827896118,,,
7,222,0.9804716110229492,0.9338429570198059,0.25394928455352783,,,
7,223,0.9746332168579102,0.7955935597419739,0.5987063646316528,,,
7,224,0.9781932830810547,0.9063379168510437,0.3406490683555603,,,
7,225,0.9677066802978516,0.8224210143089294,0.4742549657821655,,,
7,226,0.9741535186767578,0.8557376265525818,0.4562418460845947,,,
7,227,0.9721364974975586,0.8694329261779785,0.3947666883468628,,,
7,228,0.9719676971435547,0.8864487409591675,0.3380310535430908,,,
7,229,0.9732885360717773,0.9046729207038879,0.2875785827636719,,,
7,230,0.9516019821166992,0.6624653935432434,0.6301594972610474,,,
7,231,0.9752998352050781,0.8776368498802185,0.4008244276046753,,,
7,232,0.9715337753295898,0.8577887415885925,0.4157721996307373,,,
7,233,0.9798173904418945,0.9444462060928345,0.19241178035736084,,,
7,234,0.9778461456298828,0.8842204809188843,0.4098266363143921,,,
7,235,0.9741296768188477,0.7693243026733398,0.6316441893577576,,,
7,236,0.9708881378173828,0.8440346717834473,0.4448379874229431,,,
7,237,0.9702377319335938,0.7683388590812683,0.5943641662597656,,,
7,238,0.9655084609985352,0.8059658408164978,0.4863293766975403,,,
7,239,0.9686784744262695,0.8519104719161987,0.4032289385795593,,,
7,240,0.9716758728027344,0.8688544631004333,0.3836215138435364,,,
7,241,0.9685697555541992,0.784548282623291,0.5482527613639832,,,
7,242,0.9772605895996094,0.9033403396606445,0.33139336109161377,,,
7,243,0.9726142883300781,0.9216984510421753,0.2115330696105957,,,
7,244,0.9699735641479492,0.7542442083358765,0.6140791177749634,,,
7,245,0.971405029296875,0.7643526792526245,0.6123140454292297,,,
7,246,0.9711942672729492,0.8079966902732849,0.52193284034729,,,
7,247,0.968695342540741,0.8654029965400696,0.3591861128807068,,,
7,247,,,,0.953790009021759,0.8444876670837402,0.36978060007095337
8,248,0.9706039428710938,0.8817209005355835,0.32620733976364136,,,
8,249,0.9731416702270508,0.777927577495575,0.59925377368927,,,
8,250,0.9794807434082031,0.8099444508552551,0.6154043674468994,,,
8,251,0.9752416610717773,0.8776376843452454,0.3901142477989197,,,
8,252,0.9774398803710938,0.8878304362297058,0.3819943070411682,,,
8,253,0.9725189208984375,0.8892893195152283,0.31926172971725464,,,
8,254,0.9806241989135742,0.9423823952674866,0.19779092073440552,,,
8,255,0.9742431640625,0.9014094471931458,0.2968493700027466,,,
8,256,0.9594106674194336,0.6726605892181396,0.6428501605987549,,,
8,257,0.9693222045898438,0.8024187684059143,0.5113085508346558,,,
8,258,0.9706478118896484,0.8839621543884277,0.31603413820266724,,,
8,259,0.9535484313964844,0.6023706793785095,0.6944209933280945,,,
8,260,0.9688882827758789,0.8054414391517639,0.5013518333435059,,,
8,261,0.9703130722045898,0.8174530863761902,0.48805028200149536,,,
8,262,0.9793167114257812,0.844007134437561,0.5304011106491089,,,
8,263,0.979435920715332,0.9042146801948547,0.34489989280700684,,,
8,264,0.9738636016845703,0.8835763931274414,0.3455007076263428,,,
8,265,0.966552734375,0.8056727051734924,0.47620683908462524,,,
8,266,0.9772958755493164,0.8969496488571167,0.34159743785858154,,,
8,267,0.9763326644897461,0.8799173831939697,0.3865540027618408,,,
8,268,0.9789915084838867,0.9226042628288269,0.26116782426834106,,,
8,269,0.9850530624389648,0.9417263269424438,0.25983119010925293,,,
8,270,0.9819259643554688,0.9368847608566284,0.23403143882751465,,,
8,271,0.9625234603881836,0.7535480856895447,0.5400744676589966,,,
8,272,0.9870262145996094,0.9627352952957153,0.16490793228149414,,,
8,273,0.981877326965332,0.9243872165679932,0.2908601760864258,,,
8,274,0.9652185440063477,0.7644996047019958,0.5379928350448608,,,
8,275,0.9720363616943359,0.8263778686523438,0.4761534333229065,,,
8,276,0.9796590805053711,0.8828939199447632,0.4166020154953003,,,
8,277,0.9813461303710938,0.9016962051391602,0.37736010551452637,,,
8,278,0.9808921813964844,0.9383191466331482,0.209936261177063,,,
8,278,,,,0.9561042785644531,0.8506410121917725,0.3505834937095642
9,279,0.9712114334106445,0.7906312346458435,0.5386165380477905,,,
9,280,0.9719123840332031,0.8035957217216492,0.5193583965301514,,,
9,281,0.980560302734375,0.9053395390510559,0.345517098903656,,,
9,282,0.974329948425293,0.8434165716171265,0.45495468378067017,,,
9,283,0.9628877639770508,0.76859450340271,0.5110197067260742,,,
9,284,0.9753284454345703,0.8660807013511658,0.4043799638748169,,,
9,285,0.9792518615722656,0.8785151243209839,0.41804420948028564,,,
9,286,0.9863662719726562,0.9420101642608643,0.2747291326522827,,,
9,287,0.9794473648071289,0.919040858745575,0.2702949047088623,,,
9,288,0.9745063781738281,0.9035478830337524,0.27377820014953613,,,
9,289,0.9865045547485352,0.9206849336624146,0.3888971209526062,,,
9,290,0.9696645736694336,0.7569754123687744,0.5782350301742554,,,
9,291,0.9717140197753906,0.8482887744903564,0.40801429748535156,,,
9,292,0.97918701171875,0.8923510313034058,0.36483603715896606,,,
9,293,0.9806680679321289,0.8395875692367554,0.539901852607727,,,
9,294,0.9770393371582031,0.8960534334182739,0.3241017460823059,,,
9,295,0.9762706756591797,0.9270198345184326,0.20014286041259766,,,
9,296,0.9819574356079102,0.8998035192489624,0.37979626655578613,,,
9,297,0.9779491424560547,0.9323083162307739,0.19437432289123535,,,
9,298,0.9786853790283203,0.8672361373901367,0.43671715259552,,,
9,299,0.9763622283935547,0.858106255531311,0.4308333992958069,,,
9,300,0.9802074432373047,0.8931704163551331,0.3751443028450012,,,
9,301,0.9826011657714844,0.8750317096710205,0.4707993268966675,,,
9,302,0.9782438278198242,0.9138335585594177,0.26827651262283325,,,
9,303,0.9841947555541992,0.9235562682151794,0.31799596548080444,,,
9,304,0.9822750091552734,0.9508503079414368,0.15528428554534912,,,
9,305,0.9682674407958984,0.8050709366798401,0.4699615240097046,,,
9,306,0.9722938537597656,0.9001289010047913,0.25386571884155273,,,
9,307,0.9849634170532227,0.9267288446426392,0.31467294692993164,,,
9,308,0.9632406234741211,0.8199899792671204,0.3947077989578247,,,
9,309,0.966498076915741,0.8474759459495544,0.3537260890007019,,,
9,309,,,,0.9543859958648682,0.8459511399269104,0.343750923871994
10,310,0.9767837524414062,0.9048452973365784,0.2842841148376465,,,
10,311,0.9796152114868164,0.8822327256202698,0.39466720819473267,,,
10,312,0.9836711883544922,0.8939256072044373,0.4224727749824524,,,
10,313,0.9798412322998047,0.9092602729797363,0.30140823125839233,,,
10,314,0.978550910949707,0.8880710601806641,0.360465943813324,,,
10,315,0.9813737869262695,0.8389594554901123,0.5373947620391846,,,
10,316,0.981806755065918,0.946572482585907,0.1637786626815796,,,
10,317,0.9692649841308594,0.8376774787902832,0.39997899532318115,,,
10,318,0.9825553894042969,0.9355556964874268,0.2238142490386963,,,
10,319,0.9766378402709961,0.8362204432487488,0.4742029309272766,,,
10,320,0.9754266738891602,0.8719983100891113,0.3659939169883728,,,
10,321,0.9756593704223633,0.8748087286949158,0.3596091866493225,,,
10,322,0.9871549606323242,0.9438382387161255,0.26111477613449097,,,
10,323,0.9766902923583984,0.8373017311096191,0.47417229413986206,,,
10,324,0.9778881072998047,0.9042652249336243,0.289999783039093,,,
10,325,0.9830102920532227,0.9079837203025818,0.35025137662887573,,,
10,326,0.9775924682617188,0.9124012589454651,0.2548425793647766,,,
10,327,0.9822425842285156,0.907172441482544,0.33577269315719604,,,
10,328,0.9784030914306641,0.88921719789505,0.3434067964553833,,,
10,329,0.9742565155029297,0.9099639058113098,0.2286776304244995,,,
10,330,0.9757137298583984,0.8691481351852417,0.37020760774612427,,,
10,331,0.9809999465942383,0.9036036729812622,0.3284582495689392,,,
10,332,0.9666404724121094,0.7784154415130615,0.4962640404701233,,,
10,333,0.9822864532470703,0.9158179759979248,0.30030548572540283,,,
10,334,0.9786128997802734,0.8850449919700623,0.3599317669868469,,,
10,335,0.9793233871459961,0.9068925380706787,0.29166853427886963,,,
10,336,0.9792022705078125,0.8840135931968689,0.36709123849868774,,,
10,337,0.9655523300170898,0.6484026908874512,0.6686866283416748,,,
10,338,0.9714546203613281,0.7981236577033997,0.4905151128768921,,,
10,339,0.9802942276000977,0.9185434579849243,0.2569088935852051,,,
10,340,0.9821065068244934,0.9464287161827087,0.15998214483261108,,,
10,340,,,,0.9588657021522522,0.858736515045166,0.3279982805252075
11,341,0.984044075012207,0.9236804246902466,0.29157155752182007,,,
11,342,0.9805335998535156,0.9350917935371399,0.19194269180297852,,,
11,343,0.9825735092163086,0.9418962001800537,0.18174046277999878,,,
11,344,0.9872360229492188,0.9235942363739014,0.35562664270401,,,
11,345,0.9733171463012695,0.8251356482505798,0.45182955265045166,,,
11,346,0.9767427444458008,0.8965749740600586,0.29164159297943115,,,
11,347,0.9799833297729492,0.8378651738166809,0.500808596611023,,,
11,348,0.9763040542602539,0.8530641198158264,0.41502106189727783,,,
11,349,0.9827718734741211,0.903307318687439,0.34846365451812744,,,
11,350,0.9823007583618164,0.937968373298645,0.19639313220977783,,,
11,351,0.9800443649291992,0.8972683548927307,0.3274316191673279,,,
11,352,0.9773168563842773,0.880669891834259,0.34555649757385254,,,
11,353,0.9735126495361328,0.8566673398017883,0.3703983426094055,,,
11,354,0.9847230911254883,0.9219806790351868,0.3045576810836792,,,
11,355,0.9776134490966797,0.7838589549064636,0.5807820558547974,,,
11,356,0.9735374450683594,0.7774658799171448,0.5415881872177124,,,
11,357,0.9823226928710938,0.9354223012924194,0.20320260524749756,,,
11,358,0.9867181777954102,0.9254391193389893,0.32819879055023193,,,
11,359,0.9747791290283203,0.8597988486289978,0.37386077642440796,,,
11,360,0.9786605834960938,0.9097923636436462,0.26043254137039185,,,
11,361,0.9786043167114258,0.9090754389762878,0.2633802890777588,,,
11,362,0.9825248718261719,0.9150947332382202,0.2912415862083435,,,
11,363,0.9771976470947266,0.909213125705719,0.24498558044433594,,,
11,364,0.9867143630981445,0.9403201937675476,0.24821269512176514,,,
11,365,0.9829397201538086,0.9162150621414185,0.2918732762336731,,,
11,366,0.982905387878418,0.9152414202690125,0.2962762713432312,,,
11,367,0.9793510437011719,0.9170516729354858,0.23871099948883057,,,
11,368,0.9762916564941406,0.8768904805183411,0.3357926607131958,,,
11,369,0.9751224517822266,0.8651642203330994,0.35538703203201294,,,
11,370,0.9784793853759766,0.870851457118988,0.37801140546798706,,,
11,371,0.9686991572380066,0.7479469776153564,0.5396883487701416,,,
11,371,,,,0.9604008793830872,0.8628488183021545,0.3173540532588959
12,372,0.9823427200317383,0.9147068858146667,0.2839135527610779,,,
12,373,0.9861612319946289,0.9329219460487366,0.27016597986221313,,,
12,374,0.9830532073974609,0.9019872546195984,0.3439003825187683,,,
12,375,0.9820308685302734,0.9104012250900269,0.2973925471305847,,,
12,376,0.9801673889160156,0.9093477129936218,0.27409827709198,,,
12,377,0.9792766571044922,0.8551874160766602,0.43001067638397217,,,
12,378,0.9851999282836914,0.9381607174873352,0.22602486610412598,,,
12,379,0.9734649658203125,0.778174638748169,0.5243873596191406,,,
12,380,0.9816513061523438,0.9439195990562439,0.1524084210395813,,,
12,381,0.9747982025146484,0.8925601840019226,0.26690012216567993,,,
12,382,0.9797840118408203,0.8850439786911011,0.34472382068634033,,,
12,383,0.9811105728149414,0.9409650564193726,0.15806376934051514,,,
12,384,0.9772415161132812,0.9032118320465088,0.25721704959869385,,,
12,385,0.9794893264770508,0.8813832402229309,0.35487520694732666,,,
12,386,0.9829950332641602,0.871504008769989,0.43485498428344727,,,
12,387,0.9770488739013672,0.8560654520988464,0.3939993381500244,,,
12,388,0.9777460098266602,0.8807790279388428,0.3289845585823059,,,
12,389,0.9796781539916992,0.9209380745887756,0.21518898010253906,,,
12,390,0.9779291152954102,0.8618509769439697,0.386394739151001,,,
12,391,0.9823169708251953,0.9175702333450317,0.2614397406578064,,,
12,392,0.9706707000732422,0.7675926685333252,0.5121405720710754,,,
12,393,0.9846973419189453,0.9246008396148682,0.2710224390029907,,,
12,394,0.9847898483276367,0.9286315441131592,0.25482177734375,,,
12,395,0.9879989624023438,0.9263197183609009,0.33068305253982544,,,
12,396,0.9829416275024414,0.889293909072876,0.3717285394668579,,,
12,397,0.9780063629150391,0.8928574919700623,0.2919107675552368,,,
12,398,0.9742403030395508,0.8239167332649231,0.43192583322525024,,,
12,399,0.9776277542114258,0.8682722449302673,0.35884159803390503,,,
12,400,0.9801712036132812,0.9110593795776367,0.2547459006309509,,,
12,401,0.9765558242797852,0.9117424488067627,0.21435558795928955,,,
12,402,0.9802665710449219,0.9206874966621399,0.21973127126693726,,,
12,402,,,,0.9591454267501831,0.8594511151313782,0.30238771438598633
13,403,0.9846305847167969,0.934059202671051,0.22234821319580078,,,
13,404,0.9829397201538086,0.9286198616027832,0.2229035496711731,,,
13,405,0.9756326675415039,0.8218188285827637,0.4488534927368164,,,
13,406,0.9839258193969727,0.9159808158874512,0.28810274600982666,,,
13,407,0.9752435684204102,0.8510842323303223,0.37490516901016235,,,
13,408,0.9617767333984375,0.6819931268692017,0.5725439190864563,,,
13,409,0.9803686141967773,0.8634176850318909,0.4037232995033264,,,
13,410,0.9846105575561523,0.9186512231826782,0.28706079721450806,,,
13,411,0.9828367233276367,0.8470098376274109,0.484704852104187,,,
13,412,0.9829301834106445,0.9145673513412476,0.2735249996185303,,,
13,413,0.9863204956054688,0.9294719099998474,0.2692360281944275,,,
13,414,0.9810352325439453,0.8827117085456848,0.3545382618904114,,,
13,415,0.9776725769042969,0.8176053166389465,0.47487860918045044,,,
13,416,0.9795408248901367,0.8695310950279236,0.3713166117668152,,,
13,417,0.968388557434082,0.7008447647094727,0.5877360105514526,,,
13,418,0.9759359359741211,0.8582073450088501,0.3586515784263611,,,
13,419,0.9844932556152344,0.9460880756378174,0.16091281175613403,,,
13,420,0.98583984375,0.9440451860427856,0.18950694799423218,,,
13,421,0.9828100204467773,0.9342436194419861,0.18946486711502075,,,
13,422,0.9851131439208984,0.9515557289123535,0.14300537109375,,,
13,423,0.9801130294799805,0.893158495426178,0.3035731315612793,,,
13,424,0.9789390563964844,0.8780010938644409,0.33597230911254883,,,
13,425,0.9849748611450195,0.9371960163116455,0.20411282777786255,,,
13,426,0.9841299057006836,0.9039519429206848,0.3257637023925781,,,
13,427,0.9727401733398438,0.6680948734283447,0.6555758714675903,,,
13,428,0.9866542816162109,0.9524929523468018,0.15605872869491577,,,
13,429,0.978611946105957,0.9384818077087402,0.13279801607131958,,,
13,430,0.9829368591308594,0.918504536151886,0.2493460774421692,,,
13,431,0.9849786758422852,0.9426404237747192,0.17695540189743042,,,
13,432,0.9781808853149414,0.9161581993103027,0.20357000827789307,,,
13,433,0.9778277277946472,0.9103261232376099,0.2187681794166565,,,
13,433,,,,0.9609408974647522,0.8632384538650513,0.2883082628250122
14,434,0.9788284301757812,0.8367646932601929,0.43554502725601196,,,
14,435,0.9738912582397461,0.8112803101539612,0.4385748505592346,,,
14,436,0.9852437973022461,0.9168645739555359,0.2933114171028137,,,
14,437,0.9856224060058594,0.9220007658004761,0.27694910764694214,,,
14,438,0.9799270629882812,0.8837249279022217,0.32416778802871704,,,
14,439,0.9836215972900391,0.9352393746376038,0.1886160969734192,,,
14,440,0.9802179336547852,0.8716001510620117,0.3632604479789734,,,
14,441,0.9808111190795898,0.8028010129928589,0.53085857629776,,,
14,442,0.982182502746582,0.9158620238304138,0.24385660886764526,,,
14,443,0.9747076034545898,0.825639009475708,0.41131824254989624,,,
14,444,0.9832267761230469,0.8852482438087463,0.362235963344574,,,
14,445,0.9844427108764648,0.932410478591919,0.2099088430404663,,,
14,446,0.9878139495849609,0.9423409104347229,0.22217029333114624,,,
14,447,0.9791851043701172,0.9047261476516724,0.246839702129364,,,
14,448,0.9826068878173828,0.8798471689224243,0.3688921332359314,,,
14,449,0.9819240570068359,0.9012637734413147,0.28787434101104736,,,
14,450,0.9838838577270508,0.9449599385261536,0.14809447526931763,,,
14,451,0.9849214553833008,0.9332886338233948,0.2099095582962036,,,
14,452,0.9818868637084961,0.8921710252761841,0.31787222623825073,,,
14,453,0.985203742980957,0.9404178857803345,0.18180710077285767,,,
14,454,0.9826574325561523,0.9129383563995361,0.25740599632263184,,,
14,455,0.9871816635131836,0.9504879117012024,0.16525053977966309,,,
14,456,0.9845218658447266,0.9076266288757324,0.30489999055862427,,,
14,457,0.9804096221923828,0.915367841720581,0.2196255922317505,,,
14,458,0.9782037734985352,0.9015380144119263,0.24033868312835693,,,
14,459,0.9764223098754883,0.8582120537757874,0.3413401246070862,,,
14,460,0.9833364486694336,0.9436665773391724,0.14504200220108032,,,
14,461,0.9819507598876953,0.9350064396858215,0.1637113094329834,,,
14,462,0.9826059341430664,0.8983526229858398,0.3032073974609375,,,
14,463,0.9832239151000977,0.9282936453819275,0.20454555749893188,,,
14,464,0.987738311290741,0.9329774975776672,0.2578094005584717,,,
14,464,,,,0.9630542397499084,0.8693938851356506,0.2794797718524933
15,465,0.9871902465820312,0.9492494463920593,0.16829276084899902,,,
15,466,0.9793691635131836,0.9368536472320557,0.1344205141067505,,,
15,467,0.9782161712646484,0.9112176895141602,0.20674359798431396,,,
15,468,0.9804172515869141,0.9070872068405151,0.24016082286834717,,,
15,469,0.980499267578125,0.909321129322052,0.23395109176635742,,,
15,470,0.9838638305664062,0.9394000172615051,0.16279125213623047,,,
15,471,0.9791059494018555,0.8908218145370483,0.27940142154693604,,,
15,472,0.9805898666381836,0.8778566122055054,0.33455461263656616,,,
15,473,0.982935905456543,0.8757447600364685,0.3756178617477417,,,
15,474,0.9767017364501953,0.8137829303741455,0.4466613531112671,,,
15,475,0.9819440841674805,0.9233971834182739,0.20388436317443848,,,
15,476,0.9866571426391602,0.9261224865913391,0.26121020317077637,,,
15,477,0.9836139678955078,0.8657971024513245,0.4089527130126953,,,
15,478,0.9814510345458984,0.9423698782920837,0.13035917282104492,,,
15,479,0.9806604385375977,0.8786799907684326,0.3268943428993225,,,
15,480,0.9821395874023438,0.9008029699325562,0.27980858087539673,,,
15,481,0.9828681945800781,0.8813889622688293,0.3501719832420349,,,
15,482,0.9882926940917969,0.9357274174690247,0.24684160947799683,,,
15,483,0.9847373962402344,0.8435764908790588,0.4852965474128723,,,
15,484,0.9813919067382812,0.9214233160018921,0.19894719123840332,,,
15,485,0.9855232238769531,0.9001237154006958,0.3351138234138489,,,
15,486,0.9821672439575195,0.8667250871658325,0.3785734176635742,,,
15,487,0.9815483093261719,0.8937186002731323,0.2910030484199524,,,
15,488,0.9868888854980469,0.9496015310287476,0.15475988388061523,,,
15,489,0.9818935394287109,0.8996134996414185,0.2748528718948364,,,
15,490,0.9772977828979492,0.8895288109779358,0.25498801469802856,,,
15,491,0.9801998138427734,0.9056980013847351,0.23709720373153687,,,
15,492,0.9841985702514648,0.9131043553352356,0.261330783367157,,,
15,493,0.9841680526733398,0.8685704469680786,0.4016278386116028,,,
15,494,0.9821224212646484,0.916236937046051,0.22347229719161987,,,
15,495,0.9824320673942566,0.9516821503639221,0.10164248943328857,,,
15,495,,,,0.9625036716461182,0.8675150275230408,0.27493709325790405
16,496,0.9826698303222656,0.8483113050460815,0.4278520941734314,,,
16,497,0.9869585037231445,0.9242554306983948,0.2647809386253357,,,
16,498,0.9796991348266602,0.8676297068595886,0.3391246199607849,,,
16,499,0.9856796264648438,0.877128541469574,0.39881688356399536,,,
16,500,0.9855070114135742,0.9438769221305847,0.15762782096862793,,,
16,501,0.981410026550293,0.8562208414077759,0.3876457214355469,,,
16,502,0.9871692657470703,0.9224477410316467,0.27337050437927246,,,
16,503,0.9812774658203125,0.8847461342811584,0.307936429977417,,,
16,504,0.9844894409179688,0.9252923727035522,0.21608370542526245,,,
16,505,0.98529052734375,0.9301433563232422,0.20924073457717896,,,
16,506,0.9873046875,0.9544384479522705,0.13288551568984985,,,
16,507,0.9798669815063477,0.9020616412162781,0.2403651475906372,,,
16,508,0.9894933700561523,0.9284443259239197,0.298519492149353,,,
16,509,0.9771127700805664,0.8811253905296326,0.26829880475997925,,,
16,510,0.9809751510620117,0.9331586360931396,0.14765793085098267,,,
16,511,0.9870204925537109,0.9411283731460571,0.18764233589172363,,,
16,512,0.986262321472168,0.9465191960334778,0.1520087718963623,,,
16,513,0.9801645278930664,0.9322790503501892,0.1433265209197998,,,
16,514,0.9806089401245117,0.918540894985199,0.19090574979782104,,,
16,515,0.9884223937988281,0.9527988433837891,0.15399885177612305,,,
16,516,0.9859151840209961,0.9354100823402405,0.19361519813537598,,,
16,517,0.9849758148193359,0.8922294974327087,0.3350108861923218,,,
16,518,0.9798336029052734,0.8187288641929626,0.44891101121902466,,,
16,519,0.9847879409790039,0.9500765204429626,0.11914926767349243,,,
16,520,0.9858503341674805,0.9097192883491516,0.28673219680786133,,,
16,521,0.9816656112670898,0.9000457525253296,0.25929003953933716,,,
16,522,0.9849309921264648,0.9306514263153076,0.19605857133865356,,,
16,523,0.9863986968994141,0.9344456791877747,0.20293092727661133,,,
16,524,0.9732379913330078,0.8055530786514282,0.4021978974342346,,,
16,525,0.9821643829345703,0.9153537154197693,0.21557605266571045,,,
16,526,0.9865798950195312,0.9223342537879944,0.2522629499435425,,,
16,526,,,,0.9607310891151428,0.8633224964141846,0.26941803097724915
17,527,0.9844169616699219,0.9131585359573364,0.2524367570877075,,,
17,528,0.9796714782714844,0.8427954316139221,0.38551396131515503,,,
17,529,0.9853992462158203,0.9424561858177185,0.15428370237350464,,,
17,530,0.9803152084350586,0.8840959668159485,0.2872517704963684,,,
17,531,0.9872455596923828,0.9452584981918335,0.16517168283462524,,,
17,532,0.984501838684082,0.9182705879211426,0.23324084281921387,,,
17,533,0.9855737686157227,0.9298806190490723,0.2027759552001953,,,
17,534,0.9891767501831055,0.9312872886657715,0.2633807063102722,,,
17,535,0.9845504760742188,0.9314689040184021,0.18311649560928345,,,
17,536,0.9837589263916016,0.8512624502182007,0.4223672151565552,,,
17,537,0.9816198348999023,0.9154711365699768,0.20347094535827637,,,
17,538,0.9872016906738281,0.9513276219367981,0.13632118701934814,,,
17,539,0.9837064743041992,0.9307559728622437,0.17504137754440308,,,
17,540,0.9833335876464844,0.858458399772644,0.3902382254600525,,,
17,541,0.9857797622680664,0.9160374402999878,0.2569804787635803,,,
17,542,0.9752101898193359,0.8431951999664307,0.33568936586380005,,,
17,543,0.9837303161621094,0.8923883438110352,0.30207228660583496,,,
17,544,0.9851284027099609,0.9384478330612183,0.16113150119781494,,,
17,545,0.9840631484985352,0.8914538621902466,0.309425413608551,,,
17,546,0.9891281127929688,0.9507904052734375,0.16759157180786133,,,
17,547,0.9806051254272461,0.8775653839111328,0.30232763290405273,,,
17,548,0.9904766082763672,0.9483155608177185,0.20410895347595215,,,
17,549,0.9863929748535156,0.90567547082901,0.29804736375808716,,,
17,550,0.9867982864379883,0.9611591100692749,0.09195739030838013,,,
17,551,0.9877758026123047,0.9393081665039062,0.19222307205200195,,,
17,552,0.9794044494628906,0.8306368589401245,0.3992929458618164,,,
17,553,0.9887771606445312,0.9574215412139893,0.1254885196685791,,,
17,554,0.985630989074707,0.9285043478012085,0.20300155878067017,,,
17,555,0.9803352355957031,0.925908088684082,0.15589964389801025,,,
17,556,0.9821596145629883,0.8552649617195129,0.37372952699661255,,,
17,557,0.9889971613883972,0.9664865732192993,0.08934658765792847,,,
17,557,,,,0.9622238874435425,0.8675704002380371,0.26020580530166626
18,558,0.9882116317749023,0.8889238238334656,0.38605284690856934,,,
18,559,0.9849271774291992,0.9070245027542114,0.266021192073822,,,
18,560,0.9805688858032227,0.9044360518455505,0.22145968675613403,,,
18,561,0.9887180328369141,0.9481045007705688,0.16717123985290527,,,
18,562,0.9871940612792969,0.9353449940681458,0.1948528289794922,,,
18,563,0.9864101409912109,0.9181208610534668,0.2486804723739624,,,
18,564,0.9848546981811523,0.9402797222137451,0.14580005407333374,,,
18,565,0.9809284210205078,0.8351292014122009,0.4049009084701538,,,
18,566,0.9832630157470703,0.8849210739135742,0.30662602186203003,,,
18,567,0.9888076782226562,0.9515875577926636,0.1497858166694641,,,
18,568,0.9836692810058594,0.8817484974861145,0.3211289048194885,,,
18,569,0.9851922988891602,0.9146614670753479,0.242509126663208,,,
18,570,0.9836034774780273,0.9204694032669067,0.19820594787597656,,,
18,571,0.9853420257568359,0.9170945882797241,0.23345112800598145,,,
18,572,0.9836568832397461,0.9385254979133606,0.14011037349700928,,,
18,573,0.9887113571166992,0.9417564868927002,0.19138842821121216,,,
18,574,0.9878568649291992,0.9476602673530579,0.15095031261444092,,,
18,575,0.984593391418457,0.9592943787574768,0.08167117834091187,,,
18,576,0.9781150817871094,0.9316012263298035,0.12090194225311279,,,
18,577,0.9839277267456055,0.8780155777931213,0.32730913162231445,,,
18,578,0.9820957183837891,0.9053500890731812,0.22669488191604614,,,
18,579,0.9885339736938477,0.9543587565422058,0.12861710786819458,,,
18,580,0.9865865707397461,0.9309991002082825,0.19845592975616455,,,
18,581,0.9886713027954102,0.9308270812034607,0.2332807183265686,,,
18,582,0.9842281341552734,0.8746323585510254,0.34179455041885376,,,
18,583,0.9831085205078125,0.9248086214065552,0.17786407470703125,,,
18,584,0.9880800247192383,0.9234148859977722,0.2493855357170105,,,
18,585,0.983525276184082,0.9215275645256042,0.1900705099105835,,,
18,586,0.984257698059082,0.9135351777076721,0.2226751446723938,,,
18,587,0.9832706451416016,0.8816257119178772,0.3052753210067749,,,
18,588,0.9874661564826965,0.9397497773170471,0.17182707786560059,,,
18,588,,,,0.9608938694000244,0.8640722632408142,0.25523605942726135
19,589,0.9857196807861328,0.9256770014762878,0.20231878757476807,,,
19,590,0.9833841323852539,0.8536755442619324,0.3789639472961426,,,
19,591,0.9841547012329102,0.9210171103477478,0.19804203510284424,,,
19,592,0.9876394271850586,0.9206691384315491,0.24865204095840454,,,
19,593,0.9839391708374023,0.9199476838111877,0.1965605616569519,,,
19,594,0.9815530776977539,0.8962802886962891,0.23839950561523438,,,
19,595,0.987238883972168,0.951775848865509,0.12042725086212158,,,
19,596,0.9857988357543945,0.9360225796699524,0.16083651781082153,,,
19,597,0.985809326171875,0.9635575413703918,0.07588201761245728,,,
19,598,0.9857549667358398,0.9117156863212585,0.24432015419006348,,,
19,599,0.9863653182983398,0.9513081312179565,0.11084485054016113,,,
19,600,0.9796304702758789,0.7901948690414429,0.4561365246772766,,,
19,601,0.9882707595825195,0.9448317289352417,0.1594715714454651,,,
19,602,0.982539176940918,0.902471125125885,0.23108679056167603,,,
19,603,0.987335205078125,0.9087278842926025,0.2760782241821289,,,
19,604,0.9850301742553711,0.9084087610244751,0.2388439178466797,,,
19,605,0.9829282760620117,0.887715220451355,0.27201592922210693,,,
19,606,0.9851064682006836,0.9448606967926025,0.12076038122177124,,,
19,607,0.9820194244384766,0.9098248481750488,0.19971603155136108,,,
19,608,0.9894857406616211,0.9505975246429443,0.15038156509399414,,,
19,609,0.9859018325805664,0.9502609372138977,0.10883492231369019,,,
19,610,0.9888191223144531,0.9543719291687012,0.12275606393814087,,,
19,611,0.9843130111694336,0.8573113679885864,0.37064141035079956,,,
19,612,0.9831762313842773,0.9035236239433289,0.22753340005874634,,,
19,613,0.9880847930908203,0.9385307431221008,0.1747361421585083,,,
19,614,0.9868669509887695,0.9078733325004578,0.26353490352630615,,,
19,615,0.9871320724487305,0.9537478685379028,0.10634118318557739,,,
19,616,0.9873266220092773,0.894924521446228,0.3106260895729065,,,
19,617,0.9814109802246094,0.7774860262870789,0.4920990467071533,,,
19,618,0.979741096496582,0.9091053009033203,0.17787140607833862,,,
19,619,0.9863090515136719,0.9451240301132202,0.12589222192764282,,,
19,619,,,,0.9624578952789307,0.8675054311752319,0.2462378591299057
20,620,0.98065185546875,0.8670833706855774,0.2938307523727417,,,
20,621,0.9853191375732422,0.9349079728126526,0.14897024631500244,,,
20,622,0.9816713333129883,0.8831508159637451,0.26011091470718384,,,
20,623,0.9849309921264648,0.9138680100440979,0.2093999981880188,,,
20,624,0.9858617782592773,0.8993160724639893,0.2690601944923401,,,
20,625,0.9871244430541992,0.9389418363571167,0.15467911958694458,,,
20,626,0.9847412109375,0.8834125399589539,0.2981944680213928,,,
20,627,0.9860391616821289,0.912574291229248,0.22877919673919678,,,
20,628,0.9789724349975586,0.817137598991394,0.37799936532974243,,,
20,629,0.9858608245849609,0.9557871222496033,0.08656847476959229,,,
20,630,0.9878644943237305,0.9575847387313843,0.09460115432739258,,,
20,631,0.9834861755371094,0.9151380062103271,0.18930929899215698,,,
20,632,0.9865531921386719,0.9019662141799927,0.2665064334869385,,,
20,633,0.9866867065429688,0.9424096941947937,0.13490170240402222,,,
20,634,0.9847898483276367,0.9208266139030457,0.18514257669448853,,,
20,635,0.9838705062866211,0.901224672794342,0.2318124771118164,,,
20,636,0.9897775650024414,0.9504715204238892,0.14410775899887085,,,
20,637,0.9859676361083984,0.9211164116859436,0.19607990980148315,,,
20,638,0.9822292327880859,0.9135465621948242,0.17795556783676147,,,
20,639,0.9857368469238281,0.9161837697029114,0.2079799771308899,,,
20,640,0.9872474670410156,0.898960292339325,0.28084421157836914,,,
20,641,0.99102783203125,0.9563366770744324,0.13674336671829224,,,
20,642,0.9889907836914062,0.9559929966926575,0.10926693677902222,,,
20,643,0.9851913452148438,0.8737068176269531,0.31650906801223755,,,
20,644,0.9851703643798828,0.9209516048431396,0.18428760766983032,,,
20,645,0.9891214370727539,0.9519320726394653,0.12371206283569336,,,
20,646,0.9872140884399414,0.9555380940437317,0.09234470129013062,,,
20,647,0.986851692199707,0.9428091645240784,0.12987536191940308,,,
20,648,0.9775609970092773,0.9171026349067688,0.1367396116256714,,,
20,649,0.9874095916748047,0.9426954388618469,0.13746905326843262,,,
20,650,0.9885063171386719,0.9400851130485535,0.15987777709960938,,,
20,650,,,,0.9619395136833191,0.866330623626709,0.23363548517227173
21,651,0.9839553833007812,0.9182884693145752,0.17747712135314941,,,
21,652,0.9862470626831055,0.9385409355163574,0.13887757062911987,,,
21,653,0.9848737716674805,0.8885923027992249,0.26766377687454224,,,
21,654,0.9843225479125977,0.918290376663208,0.17895644903182983,,,
21,655,0.9817781448364258,0.7981491684913635,0.43400120735168457,,,
21,656,0.9869060516357422,0.938866913318634,0.14215296506881714,,,
21,657,0.9891281127929688,0.9297272562980652,0.20650416612625122,,,
21,658,0.9857645034790039,0.9435939788818359,0.11648470163345337,,,
21,659,0.9876461029052734,0.9354687929153442,0.1602942943572998,,,
21,660,0.9842052459716797,0.8951354026794434,0.24038851261138916,,,
21,661,0.987797737121582,0.9075185060501099,0.2525504231452942,,,
21,662,0.9831428527832031,0.9155398011207581,0.1720433235168457,,,
21,663,0.9804153442382812,0.9088989496231079,0.16719526052474976,,,
21,664,0.9867630004882812,0.9358351826667786,0.14900362491607666,,,
21,665,0.9900522232055664,0.9575420022010803,0.10990321636199951,,,
21,666,0.9884605407714844,0.9049839973449707,0.27215129137039185,,,
21,667,0.9889554977416992,0.9552680850028992,0.10503709316253662,,,
21,668,0.985590934753418,0.9051001667976379,0.22601372003555298,,,
21,669,0.9853458404541016,0.9067987203598022,0.21722412109375,,,
21,670,0.9852542877197266,0.923975944519043,0.16650992631912231,,,
21,671,0.9858360290527344,0.896528422832489,0.25089025497436523,,,
21,672,0.9840669631958008,0.9220181107521057,0.16081547737121582,,,
21,673,0.9889907836914062,0.9421550631523132,0.1502676010131836,,,
21,674,0.983820915222168,0.9210339188575745,0.16049528121948242,,,
21,675,0.9850587844848633,0.9171640872955322,0.18325787782669067,,,
21,676,0.9835071563720703,0.9393525123596191,0.10795563459396362,,,
21,677,0.9891815185546875,0.9574554562568665,0.09666091203689575,,,
21,678,0.9853153228759766,0.9252026677131653,0.16191762685775757,,,
21,679,0.9860639572143555,0.9585421085357666,0.07408040761947632,,,
21,680,0.9876489639282227,0.9475521445274353,0.1145135760307312,,,
21,681,0.9846789240837097,0.9114311337471008,0.19256168603897095,,,
21,681,,,,0.9634789228439331,0.8709118962287903,0.2242221087217331
22,682,0.9869165420532227,0.8845989108085632,0.2960187792778015,,,
22,683,0.9875431060791016,0.9479725956916809,0.11235827207565308,,,
22,684,0.9862327575683594,0.9217298030853271,0.18046987056732178,,,
22,685,0.9879703521728516,0.9376899003982544,0.15159940719604492,,,
22,686,0.9821376800537109,0.9088976979255676,0.17335087060928345,,,
22,687,0.9853553771972656,0.9030065536499023,0.2207629680633545,,,
22,688,0.9843626022338867,0.9428896903991699,0.10432839393615723,,,
22,689,0.9861946105957031,0.9271812438964844,0.162306547164917,,,
22,690,0.9823741912841797,0.8502451181411743,0.3150860071182251,,,
22,691,0.9874753952026367,0.9249268174171448,0.1832231879234314,,,
22,692,0.9838943481445312,0.9085360169410706,0.19023209810256958,,,
22,693,0.9896821975708008,0.9513715505599976,0.12182694673538208,,,
22,694,0.9887313842773438,0.9516984820365906,0.10985797643661499,,,
22,695,0.9841508865356445,0.9439756870269775,0.09855371713638306,,,
22,696,0.9823532104492188,0.9183889627456665,0.15019971132278442,,,
22,697,0.986663818359375,0.8876263499259949,0.27478843927383423,,,
22,698,0.9889430999755859,0.954552412033081,0.09989416599273682,,,
22,699,0.988856315612793,0.9596197605133057,0.0837598443031311,,,
22,700,0.9855861663818359,0.9058218002319336,0.21322345733642578,,,
22,701,0.9878568649291992,0.9299649596214294,0.16853046417236328,,,
22,702,0.9829349517822266,0.9231017231941223,0.14250218868255615,,,
