seed,version,area_group,n,n_detected,recall
1,0,<= 0.4,531,104,0.1958568738229755
1,0,"(0.4, 3]",1018,619,0.6080550098231827
1,0,"(3, 10]",150,135,0.9
1,0,"(10, 80]",88,86,0.9772727272727272
1,0,> 80,8,8,1.0
1,1,<= 0.4,531,135,0.2542372881355932
1,1,"(0.4, 3]",1018,608,0.5972495088408645
1,1,"(3, 10]",150,138,0.92
1,1,"(10, 80]",88,86,0.9772727272727272
1,1,> 80,8,8,1.0
10,0,<= 0.4,531,148,0.2787193973634652
10,0,"(0.4, 3]",1018,726,0.7131630648330058
10,0,"(3, 10]",150,143,0.9533333333333334
10,0,"(10, 80]",88,86,0.9772727272727272
10,0,> 80,8,8,1.0
10,1,<= 0.4,531,153,0.288135593220339
10,1,"(0.4, 3]",1018,681,0.668958742632613
10,1,"(3, 10]",150,137,0.9133333333333332
10,1,"(10, 80]",88,87,0.9886363636363636
10,1,> 80,8,8,1.0
11,0,<= 0.4,531,94,0.1770244821092278
11,0,"(0.4, 3]",1018,602,0.5913555992141454
11,0,"(3, 10]",150,132,0.88
11,0,"(10, 80]",88,84,0.9545454545454546
11,0,> 80,8,8,1.0
7,0,<= 0.4,531,108,0.2033898305084746
7,0,"(0.4, 3]",1018,624,0.6129666011787819
7,0,"(3, 10]",150,136,0.9066666666666666
7,0,"(10, 80]",88,85,0.9659090909090908
7,0,> 80,8,8,1.0
7,1,<= 0.4,531,132,0.2485875706214689
7,1,"(0.4, 3]",1018,618,0.6070726915520629
7,1,"(3, 10]",150,139,0.9266666666666666
7,1,"(10, 80]",88,86,0.9772727272727272
7,1,> 80,8,8,1.0
