version,area_group,metric,n_seeds,mean,std,ci_low,ci_high,ci_half_width,seeds
0,<= 0.4,n,4.0,531.0,0.0,531.0,531.0,0.0,"1,7,10,11"
0,"(0.4, 3]",n,4.0,1018.0,0.0,1018.0,1018.0,0.0,"1,7,10,11"
0,"(3, 10]",n,4.0,150.0,0.0,150.0,150.0,0.0,"1,7,10,11"
0,"(10, 80]",n,4.0,88.0,0.0,88.0,88.0,0.0,"1,7,10,11"
0,> 80,n,4.0,8.0,0.0,8.0,8.0,0.0,"1,7,10,11"
0,<= 0.4,n_detected,4.0,113.5,23.74166520416516,75.72171264485432,151.27828735514566,37.77828735514568,"1,7,10,11"
0,"(0.4, 3]",n_detected,4.0,642.75,56.29313161182869,553.1750656445275,732.3249343554725,89.57493435547248,"1,7,10,11"
0,"(3, 10]",n_detected,4.0,136.5,4.654746681256314,129.09325931110084,143.90674068889916,7.40674068889917,"1,7,10,11"
0,"(10, 80]",n_detected,4.0,85.25,0.9574271077563381,83.72651981917092,86.77348018082908,1.523480180829078,"1,7,10,11"
0,> 80,n_detected,4.0,8.0,0.0,8.0,8.0,0.0,"1,7,10,11"
0,<= 0.4,recall,4.0,0.21374764595103576,0.0447112339061491,0.14260209537637342,0.2848931965256981,0.07114555057466233,"1,7,10,11"
0,"(0.4, 3]",recall,4.0,0.631385068762279,0.05529777172085331,0.5433939741105378,0.7193761634140201,0.08799109465174111,"1,7,10,11"
0,"(3, 10]",recall,4.0,0.91,0.03103164454170877,0.8606217287406722,0.9593782712593278,0.04937827125932782,"1,7,10,11"
0,"(10, 80]",recall,4.0,0.96875,0.010879853497231057,0.9514377252178515,0.9860622747821485,0.017312274782148522,"1,7,10,11"
0,> 80,recall,4.0,1.0,0.0,1.0,1.0,0.0,"1,7,10,11"
1,<= 0.4,n,3.0,531.0,0.0,531.0,531.0,0.0,"1,7,10"
1,"(0.4, 3]",n,3.0,1018.0,0.0,1018.0,1018.0,0.0,"1,7,10"
1,"(3, 10]",n,3.0,150.0,0.0,150.0,150.0,0.0,"1,7,10"
1,"(10, 80]",n,3.0,88.0,0.0,88.0,88.0,0.0,"1,7,10"
1,> 80,n,3.0,8.0,0.0,8.0,8.0,0.0,"1,7,10"
1,<= 0.4,n_detected,3.0,140.0,11.357816691600547,111.78561923359734,168.21438076640266,28.21438076640265,"1,7,10"
1,"(0.4, 3]",n_detected,3.0,635.6666666666666,39.576929306520654,537.3521240622802,733.9812092710531,98.31454260438645,"1,7,10"
1,"(3, 10]",n_detected,3.0,138.0,1.0,135.51586228828046,140.48413771171954,2.4841377117195456,"1,7,10"
1,"(10, 80]",n_detected,3.0,86.33333333333333,0.5773502691896257,84.89911575676794,87.76755090989872,1.4342175765653806,"1,7,10"
1,> 80,n_detected,3.0,8.0,0.0,8.0,8.0,0.0,"1,7,10"
1,<= 0.4,recall,3.0,0.2636534839924671,0.021389485294916296,0.21051905693709483,0.3167879110478393,0.05313442705537224,"1,7,10"
1,"(0.4, 3]",recall,3.0,0.6244269810085133,0.038877140772613616,0.5278508094914343,0.7210031525255924,0.09657617151707905,"1,7,10"
1,"(3, 10]",recall,3.0,0.9199999999999999,0.00666666666666671,0.9034390819218695,0.9365609180781304,0.016560918078130413,"1,7,10"
1,"(10, 80]",recall,3.0,0.981060606060606,0.006560798513518533,0.964762679054181,0.9973585330670309,0.016297927006424927,"1,7,10"
1,> 80,recall,3.0,1.0,0.0,1.0,1.0,0.0,"1,7,10"
