level,version,area_group,metric,n_seeds,mean,std,ci_low,ci_high,ci_half_width,seeds
pixel,0,,Precision,5,0.8397388341389578,0.10450566128401341,0.7099779169141212,0.9694997513637944,0.12976091722483665,"1,7,10,11,42"
pixel,0,,Recall,5,0.8624566567990254,0.030677905402279666,0.824365006120714,0.9005483074773368,0.038091650678311495,"1,7,10,11,42"
pixel,0,,F1 Score,5,0.8463478553152569,0.04686022887286164,0.788163196176236,0.9045325144542778,0.05818465913902097,"1,7,10,11,42"
pixel,0,,Accuracy,5,0.9505002339680988,0.02132517549414565,0.9240215313016409,0.9769789366345567,0.026478702666457868,"1,7,10,11,42"
pixel,0,,IoU,5,0.7357976202429299,0.06686507296908954,0.6527736663999436,0.8188215740859163,0.08302395384298632,"1,7,10,11,42"
pixel,1,,Precision,4,0.9092666047962538,0.004034274869835235,0.9028471732192496,0.915686036373258,0.006419431577004147,"1,7,10,42"
pixel,1,,Recall,4,0.8415905921136047,0.007408766279506565,0.8298015916771395,0.8533795925500698,0.011789000436465151,"1,7,10,42"
pixel,1,,F1 Score,4,0.8740928961215895,0.00238203369661893,0.8703025489531557,0.8778832432900232,0.0037903471684337642,"1,7,10,42"
pixel,1,,Accuracy,4,0.962720447116428,0.000502121563025997,0.9619214596599002,0.9635194345729559,0.0007989874565278218,"1,7,10,42"
pixel,1,,IoU,4,0.7763514456340144,0.0037568046988169764,0.770373531017302,0.7823293602507267,0.005977914616712322,"1,7,10,42"
instance_by_area,0,<= 0.4,recall,4,0.21374764595103576,0.0447112339061491,0.14260209537637342,0.2848931965256981,0.07114555057466233,"1,7,10,11"
instance_by_area,0,"(0.4, 3]",recall,4,0.631385068762279,0.05529777172085331,0.5433939741105378,0.7193761634140201,0.08799109465174111,"1,7,10,11"
instance_by_area,0,"(3, 10]",recall,4,0.91,0.03103164454170877,0.8606217287406722,0.9593782712593278,0.04937827125932782,"1,7,10,11"
instance_by_area,0,"(10, 80]",recall,4,0.96875,0.010879853497231057,0.9514377252178515,0.9860622747821485,0.017312274782148522,"1,7,10,11"
instance_by_area,0,> 80,recall,4,1.0,0.0,1.0,1.0,0.0,"1,7,10,11"
instance_by_area,1,<= 0.4,recall,3,0.2636534839924671,0.021389485294916296,0.21051905693709483,0.3167879110478393,0.05313442705537224,"1,7,10"
instance_by_area,1,"(0.4, 3]",recall,3,0.6244269810085133,0.038877140772613616,0.5278508094914343,0.7210031525255924,0.09657617151707905,"1,7,10"
instance_by_area,1,"(3, 10]",recall,3,0.9199999999999999,0.00666666666666671,0.9034390819218695,0.9365609180781304,0.016560918078130413,"1,7,10"
instance_by_area,1,"(10, 80]",recall,3,0.981060606060606,0.006560798513518533,0.964762679054181,0.9973585330670309,0.016297927006424927,"1,7,10"
instance_by_area,1,> 80,recall,3,1.0,0.0,1.0,1.0,0.0,"1,7,10"
instance_overall,0,,Instance recall (overall),4,0.5493036211699165,0.04744870050109767,0.47380215036978757,0.6248050919700454,0.07550147080012891,"1,7,10,11"
instance_overall,1,,Instance recall (overall),3,0.5615598885793872,0.028071582590181908,0.4918262116394665,0.6312935655193079,0.06973367693992073,"1,7,10"
